PLAN;PERIODE VON;PERIODE BIS;DIENST;BEGINN;ENDE;PAUSE;BEZAHLT;DAUER;VON;NACH;DIENSTART;ZUGNR;FZG;UMLAUF;KM;PERIODE;TAGESART;ABTEILUNG;MELDESTELLE;LINIE;DIENSTANMERKUNG;PLANANMERKUNG;ANMERKUNG
2021_NN_Regeldienste_Sa;13.12.2020 00:00;11.12.2021 00:00;671;1:58;2:02;0:00;9:17;0:04;ANM.mr;ANM.mr;Anmeldung;;;;;13.12.2020 - 11.12.2021;-----X-;Tf ANM;;-;-;-;-
2021_NN_Regeldienste_Sa;13.12.2020 00:00;11.12.2021 00:00;671;2:02;3:02;0:00;9:17;1:00;ANM.mr;ANM.mr;Bereitschaft;;;;;13.12.2020 - 11.12.2021;-----X-;Tf ANM;;-;-;-;-
2021_NN_Regeldienste_Sa;13.12.2020 00:00;11.12.2021 00:00;671;3:02;3:08;0:00;9:17;0:06;ANM.mr;ANM.abs;Fußweg;;;;;13.12.2020 - 11.12.2021;-----X-;Tf ANM;;-;-;-;-
2021_NN_Regeldienste_Sa;13.12.2020 00:00;11.12.2021 00:00;671;3:08;3:38;0:00;9:17;0:30;ANM.abs;ANM.abs;V1;;;;;13.12.2020 - 11.12.2021;-----X-;Tf ANM;;-;-;-;1. VT
2021_NN_Regeldienste_Sa;13.12.2020 00:00;11.12.2021 00:00;671;3:38;4:08;0:00;9:17;0:30;ANM.abs;ANM.abs;V1;;;;;13.12.2020 - 11.12.2021;-----X-;Tf ANM;;-;-;-;2. VT
2021_NN_Regeldienste_Sa;13.12.2020 00:00;11.12.2021 00:00;671;4:08;4:15;0:00;9:17;0:07;ANM.abs;ANM;Rangierfahrt;;;;;13.12.2020 - 11.12.2021;-----X-;Tf ANM;;-;-;-;-
2021_NN_Regeldienste_Sa;13.12.2020 00:00;11.12.2021 00:00;671;4:15;4:19;0:00;9:17;0:04;ANM;AN;Leerfahrt;82081;648.TF:105;105;65591;13.12.2020 - 11.12.2021;-----X-;Tf ANM;;99;-;-;-
2021_NN_Regeldienste_Sa;13.12.2020 00:00;11.12.2021 00:00;671;4:19;4:26;0:00;9:17;0:07;AN;AN;Standzeit;;;;;13.12.2020 - 11.12.2021;-----X-;Tf ANM;;-;-;-;-
2021_NN_Regeldienste_Sa;13.12.2020 00:00;11.12.2021 00:00;671;4:26;4:30;0:00;9:17;0:04;AN;AN;Wendezeit;;;;;13.12.2020 - 11.12.2021;-----X-;Tf ANM;;-;-;-;-
2021_NN_Regeldienste_Sa;13.12.2020 00:00;11.12.2021 00:00;671;4:30;4:31;0:00;9:17;0:01;AN;AN;Standzeit;;;;;13.12.2020 - 11.12.2021;-----X-;Tf ANM;;-;-;-;-
2021_NN_Regeldienste_Sa;13.12.2020 00:00;11.12.2021 00:00;671;4:31;4:56;0:00;9:17;0:25;AN;ASB;Zugfahrt;82171;648.TF:102;102;45439;13.12.2020 - 11.12.2021;-----X-;Tf ANM;;82;-;-;-
2021_NN_Regeldienste_Sa;13.12.2020 00:00;11.12.2021 00:00;671;4:56;4:57;0:00;9:17;0:01;ASB;ASB;Trennen;;;;;13.12.2020 - 11.12.2021;-----X-;Tf ANM;;-;-;-;-
2021_NN_Regeldienste_Sa;13.12.2020 00:00;11.12.2021 00:00;671;4:57;4:59;0:00;9:17;0:02;ASB;ASB;A3;;;;;13.12.2020 - 11.12.2021;-----X-;Tf ANM;;-;-;-;für 82171
2021_NN_Regeldienste_Sa;13.12.2020 00:00;11.12.2021 00:00;671;4:59;5:01;0:00;9:17;0:02;ASB;ASB;Wendezeit;;;;;13.12.2020 - 11.12.2021;-----X-;Tf ANM;;-;-;-;-
2021_NN_Regeldienste_Sa;13.12.2020 00:00;11.12.2021 00:00;671;5:01;5:25;0:00;9:17;0:24;ASB;AN;Zugfahrt;82172;648.TF:105;105;45439;13.12.2020 - 11.12.2021;-----X-;Tf ANM;;82;-;-;-
2021_NN_Regeldienste_Sa;13.12.2020 00:00;11.12.2021 00:00;671;5:25;5:29;0:00;9:17;0:04;AN;AN;Wendezeit;;;;;13.12.2020 - 11.12.2021;-----X-;Tf ANM;;-;-;-;-
2021_NN_Regeldienste_Sa;13.12.2020 00:00;11.12.2021 00:00;671;5:29;5:35;0:00;9:17;0:06;AN;AN;Standzeit;;;;;13.12.2020 - 11.12.2021;-----X-;Tf ANM;;-;-;-;-
2021_NN_Regeldienste_Sa;13.12.2020 00:00;11.12.2021 00:00;671;5:35;5:59;0:00;9:17;0:24;AN;ASB;Zugfahrt;82173;648.TF:105;105;28673;13.12.2020 - 11.12.2021;-----X-;Tf ANM;;82;-;-;-
2021_NN_Regeldienste_Sa;13.12.2020 00:00;11.12.2021 00:00;671;5:59;6:03;0:00;9:17;0:04;ASB;ASB;Standzeit;;;;;13.12.2020 - 11.12.2021;-----X-;Tf ANM;;-;-;-;-
2021_NN_Regeldienste_Sa;13.12.2020 00:00;11.12.2021 00:00;671;6:03;6:20;0:00;9:17;0:17;ASB;AO;Zugfahrt;82173;648.TF:105;105;16766;13.12.2020 - 11.12.2021;-----X-;Tf ANM;;82;-;-;-
2021_NN_Regeldienste_Sa;13.12.2020 00:00;11.12.2021 00:00;671;6:20;6:24;0:00;9:17;0:04;AO;AO;Wendezeit;;;;;13.12.2020 - 11.12.2021;-----X-;Tf ANM;;-;-;-;-
2021_NN_Regeldienste_Sa;13.12.2020 00:00;11.12.2021 00:00;671;6:24;6:25;0:00;9:17;0:01;AO;AO;Standzeit;;;;;13.12.2020 - 11.12.2021;-----X-;Tf ANM;;-;-;-;-
2021_NN_Regeldienste_Sa;13.12.2020 00:00;11.12.2021 00:00;671;6:25;6:35;0:10;9:17;0:10;AO;AO;Pause;;;;;13.12.2020 - 11.12.2021;-----X-;Tf ANM;;-;-;-;-
2021_NN_Regeldienste_Sa;13.12.2020 00:00;11.12.2021 00:00;671;6:35;6:37;0:00;9:17;0:02;AO;AO;Standzeit;;;;;13.12.2020 - 11.12.2021;-----X-;Tf ANM;;-;-;-;-
2021_NN_Regeldienste_Sa;13.12.2020 00:00;11.12.2021 00:00;671;6:37;6:53;0:00;9:17;0:16;AO;ASB;Zugfahrt;82176;648.TF:105;105;16766;13.12.2020 - 11.12.2021;-----X-;Tf ANM;;82;-;-;-
2021_NN_Regeldienste_Sa;13.12.2020 00:00;11.12.2021 00:00;671;6:53;7:03;0:00;9:17;0:10;ASB;ASB;Standzeit;;;;;13.12.2020 - 11.12.2021;-----X-;Tf ANM;;-;-;-;-
2021_NN_Regeldienste_Sa;13.12.2020 00:00;11.12.2021 00:00;671;7:03;7:27;0:00;9:17;0:24;ASB;AN;Zugfahrt;82176;648.TF:105;105;28673;13.12.2020 - 11.12.2021;-----X-;Tf ANM;;82;-;-;-
2021_NN_Regeldienste_Sa;13.12.2020 00:00;11.12.2021 00:00;671;7:27;7:31;0:00;9:17;0:04;AN;AN;Wendezeit;;;;;13.12.2020 - 11.12.2021;-----X-;Tf ANM;;-;-;-;-
2021_NN_Regeldienste_Sa;13.12.2020 00:00;11.12.2021 00:00;671;7:31;7:37;0:00;9:17;0:06;AN;AN;Standzeit;;;;;13.12.2020 - 11.12.2021;-----X-;Tf ANM;;-;-;-;-
2021_NN_Regeldienste_Sa;13.12.2020 00:00;11.12.2021 00:00;671;7:37;8:01;0:00;9:17;0:24;AN;ASB;Zugfahrt;82177;648.TF:105;105;28673;13.12.2020 - 11.12.2021;-----X-;Tf ANM;;82;-;-;-
2021_NN_Regeldienste_Sa;13.12.2020 00:00;11.12.2021 00:00;671;8:01;8:03;0:00;9:17;0:02;ASB;ASB;Standzeit;;;;;13.12.2020 - 11.12.2021;-----X-;Tf ANM;;-;-;-;-
2021_NN_Regeldienste_Sa;13.12.2020 00:00;11.12.2021 00:00;671;8:03;8:20;0:00;9:17;0:17;ASB;AO;Zugfahrt;82177;648.TF:105;105;16766;13.12.2020 - 11.12.2021;-----X-;Tf ANM;;82;-;-;-
2021_NN_Regeldienste_Sa;13.12.2020 00:00;11.12.2021 00:00;671;8:20;8:24;0:00;9:17;0:04;AO;AO;Wendezeit;;;;;13.12.2020 - 11.12.2021;-----X-;Tf ANM;;-;-;-;-
2021_NN_Regeldienste_Sa;13.12.2020 00:00;11.12.2021 00:00;671;8:24;8:37;0:00;9:17;0:13;AO;AO;Standzeit;;;;;13.12.2020 - 11.12.2021;-----X-;Tf ANM;;-;-;-;-
2021_NN_Regeldienste_Sa;13.12.2020 00:00;11.12.2021 00:00;671;8:37;8:53;0:00;9:17;0:16;AO;ASB;Zugfahrt;82180;648.TF:105;105;16766;13.12.2020 - 11.12.2021;-----X-;Tf ANM;;82;-;-;-
2021_NN_Regeldienste_Sa;13.12.2020 00:00;11.12.2021 00:00;671;8:53;9:03;0:00;9:17;0:10;ASB;ASB;Standzeit;;;;;13.12.2020 - 11.12.2021;-----X-;Tf ANM;;-;-;-;-
2021_NN_Regeldienste_Sa;13.12.2020 00:00;11.12.2021 00:00;671;9:03;9:27;0:00;9:17;0:24;ASB;AN;Zugfahrt;82180;648.TF:105;105;28673;13.12.2020 - 11.12.2021;-----X-;Tf ANM;;82;-;-;-
2021_NN_Regeldienste_Sa;13.12.2020 00:00;11.12.2021 00:00;671;9:27;9:31;0:00;9:17;0:04;AN;AN;Wendezeit;;;;;13.12.2020 - 11.12.2021;-----X-;Tf ANM;;-;-;-;-
2021_NN_Regeldienste_Sa;13.12.2020 00:00;11.12.2021 00:00;671;9:31;9:34;0:00;9:17;0:03;AN;AN;A3;;;;;13.12.2020 - 11.12.2021;-----X-;Tf ANM;;-;-;-;wird 82181
2021_NN_Regeldienste_Sa;13.12.2020 00:00;11.12.2021 00:00;671;9:34;9:37;0:00;9:17;0:03;AN;AN;Fußweg;;;;;13.12.2020 - 11.12.2021;-----X-;Tf ANM;;-;-;-;-
2021_NN_Regeldienste_Sa;13.12.2020 00:00;11.12.2021 00:00;671;9:37;9:45;0:00;9:17;0:08;AN;AN;Standzeit;;;;;13.12.2020 - 11.12.2021;-----X-;Tf ANM;;-;-;-;-
2021_NN_Regeldienste_Sa;13.12.2020 00:00;11.12.2021 00:00;671;9:45;10:05;0:20;9:17;0:20;AN;AN;Pause;;;;;13.12.2020 - 11.12.2021;-----X-;Tf ANM;;-;-;-;-
2021_NN_Regeldienste_Sa;13.12.2020 00:00;11.12.2021 00:00;671;10:05;10:27;0:00;9:17;0:22;AN;AN;Standzeit;;;;;13.12.2020 - 11.12.2021;-----X-;Tf ANM;;-;-;-;-
2021_NN_Regeldienste_Sa;13.12.2020 00:00;11.12.2021 00:00;671;10:27;10:30;0:00;9:17;0:03;AN;AN;Fußweg;;;;;13.12.2020 - 11.12.2021;-----X-;Tf ANM;;-;-;-;-
2021_NN_Regeldienste_Sa;13.12.2020 00:00;11.12.2021 00:00;671;10:30;10:33;0:00;9:17;0:03;AN;AN;V3;;;;;13.12.2020 - 11.12.2021;-----X-;Tf ANM;;-;-;-;aus 81853
2021_NN_Regeldienste_Sa;13.12.2020 00:00;11.12.2021 00:00;671;10:33;10:35;0:00;9:17;0:02;AN;AN;Standzeit;;;;;13.12.2020 - 11.12.2021;-----X-;Tf ANM;;-;-;-;-
2021_NN_Regeldienste_Sa;13.12.2020 00:00;11.12.2021 00:00;671;10:35;10:58;0:00;9:17;0:23;AN;AHWT;Zugfahrt;81858;648.TF:103;103;87512;13.12.2020 - 11.12.2021;-----X-;Tf ANM;;63;-;-;-
2021_NN_Regeldienste_Sa;13.12.2020 00:00;11.12.2021 00:00;671;10:58;11:02;0:00;9:17;0:04;AHWT;AHWT;Wendezeit;;;;;13.12.2020 - 11.12.2021;-----X-;Tf ANM;;-;-;-;-
2021_NN_Regeldienste_Sa;13.12.2020 00:00;11.12.2021 00:00;671;11:02;11:25;0:00;9:17;0:23;AHWT;AN;Zugfahrt;81857;648.TF:103;103;87512;13.12.2020 - 11.12.2021;-----X-;Tf ANM;;63;-;-;-
2021_NN_Regeldienste_Sa;13.12.2020 00:00;11.12.2021 00:00;671;11:25;11:29;0:00;9:17;0:04;AN;AN;Wendezeit;;;;;13.12.2020 - 11.12.2021;-----X-;Tf ANM;;-;-;-;-
2021_NN_Regeldienste_Sa;13.12.2020 00:00;11.12.2021 00:00;671;11:29;11:30;0:00;9:17;0:01;AN;AN;Standzeit;;;;;13.12.2020 - 11.12.2021;-----X-;Tf ANM;;-;-;-;-
2021_NN_Regeldienste_Sa;13.12.2020 00:00;11.12.2021 00:00;671;11:30;11:33;0:00;9:17;0:03;AN;AN;A3;;;;;13.12.2020 - 11.12.2021;-----X-;Tf ANM;;-;-;-;wird 81862
2021_NN_Regeldienste_Sa;13.12.2020 00:00;11.12.2021 00:00;671;11:33;11:36;0:00;9:17;0:03;AN;AN;Fußweg;;;;;13.12.2020 - 11.12.2021;-----X-;Tf ANM;;-;-;-;-
2021_NN_Regeldienste_Sa;13.12.2020 00:00;11.12.2021 00:00;671;11:36;11:37;0:00;9:17;0:01;AN;AN;Standzeit;;;;;13.12.2020 - 11.12.2021;-----X-;Tf ANM;;-;-;-;-
2021_NN_Regeldienste_Sa;13.12.2020 00:00;11.12.2021 00:00;671;11:37;11:40;0:00;9:17;0:03;AN;ANM;Gastfahrt;82185;;;;13.12.2020 - 11.12.2021;-----X-;Tf ANM;;82;-;-;-
2021_NN_Regeldienste_Sa;13.12.2020 00:00;11.12.2021 00:00;671;11:40;11:43;0:00;9:17;0:03;ANM;ANM.mr;Fußweg;;;;;13.12.2020 - 11.12.2021;-----X-;Tf ANM;;-;-;-;-
2021_NN_Regeldienste_Sa;13.12.2020 00:00;11.12.2021 00:00;671;11:43;11:45;0:00;9:17;0:02;ANM.mr;ANM.mr;Abmeldung;;;;;13.12.2020 - 11.12.2021;-----X-;Tf ANM;;-;-;-;-
2021_NN_Regeldienste_Sa;13.12.2020 00:00;11.12.2021 00:00;682;17:15;17:19;0:00;8:10;0:04;ANM.mr;ANM.mr;Anmeldung;;;;;13.12.2020 - 11.12.2021;-----X-;Tf ANM;;-;-;-;-
2021_NN_Regeldienste_Sa;13.12.2020 00:00;11.12.2021 00:00;682;17:19;17:22;0:00;8:10;0:03;ANM.mr;ANM;Fußweg;;;;;13.12.2020 - 11.12.2021;-----X-;Tf ANM;;-;-;-;-
2021_NN_Regeldienste_Sa;13.12.2020 00:00;11.12.2021 00:00;682;17:22;17:24;0:00;8:10;0:02;ANM;ANM;Standzeit;;;;;13.12.2020 - 11.12.2021;-----X-;Tf ANM;;-;-;-;-
2021_NN_Regeldienste_Sa;13.12.2020 00:00;11.12.2021 00:00;682;17:24;17:27;0:00;8:10;0:03;ANM;AN;Gastfahrt;82196;;;;13.12.2020 - 11.12.2021;-----X-;Tf ANM;;82;-;-;-
2021_NN_Regeldienste_Sa;13.12.2020 00:00;11.12.2021 00:00;682;17:27;17:30;0:00;8:10;0:03;AN;AN;Standzeit;;;;;13.12.2020 - 11.12.2021;-----X-;Tf ANM;;-;-;-;-
2021_NN_Regeldienste_Sa;13.12.2020 00:00;11.12.2021 00:00;682;17:30;17:33;0:00;8:10;0:03;AN;AN;V3;;;;;13.12.2020 - 11.12.2021;-----X-;Tf ANM;;-;-;-;aus 82196
2021_NN_Regeldienste_Sa;13.12.2020 00:00;11.12.2021 00:00;682;17:33;17:37;0:00;8:10;0:04;AN;AN;Wendezeit;;;;;13.12.2020 - 11.12.2021;-----X-;Tf ANM;;-;-;-;-
2021_NN_Regeldienste_Sa;13.12.2020 00:00;11.12.2021 00:00;682;17:37;18:01;0:00;8:10;0:24;AN;ASB;Zugfahrt;82197;648.TF:105;105;28673;13.12.2020 - 11.12.2021;-----X-;Tf ANM;;82;-;-;-
2021_NN_Regeldienste_Sa;13.12.2020 00:00;11.12.2021 00:00;682;18:01;18:03;0:00;8:10;0:02;ASB;ASB;Standzeit;;;;;13.12.2020 - 11.12.2021;-----X-;Tf ANM;;-;-;-;-
2021_NN_Regeldienste_Sa;13.12.2020 00:00;11.12.2021 00:00;682;18:03;18:20;0:00;8:10;0:17;ASB;AO;Zugfahrt;82197;648.TF:105;105;16766;13.12.2020 - 11.12.2021;-----X-;Tf ANM;;82;-;-;-
2021_NN_Regeldienste_Sa;13.12.2020 00:00;11.12.2021 00:00;682;18:20;18:24;0:00;8:10;0:04;AO;AO;Wendezeit;;;;;13.12.2020 - 11.12.2021;-----X-;Tf ANM;;-;-;-;-
2021_NN_Regeldienste_Sa;13.12.2020 00:00;11.12.2021 00:00;682;18:24;18:37;0:00;8:10;0:13;AO;AO;Standzeit;;;;;13.12.2020 - 11.12.2021;-----X-;Tf ANM;;-;-;-;-
2021_NN_Regeldienste_Sa;13.12.2020 00:00;11.12.2021 00:00;682;18:37;18:53;0:00;8:10;0:16;AO;ASB;Zugfahrt;82200;648.TF:105;105;16766;13.12.2020 - 11.12.2021;-----X-;Tf ANM;;82;-;-;-
2021_NN_Regeldienste_Sa;13.12.2020 00:00;11.12.2021 00:00;682;18:53;19:03;0:00;8:10;0:10;ASB;ASB;Standzeit;;;;;13.12.2020 - 11.12.2021;-----X-;Tf ANM;;-;-;-;-
2021_NN_Regeldienste_Sa;13.12.2020 00:00;11.12.2021 00:00;682;19:03;19:27;0:00;8:10;0:24;ASB;AN;Zugfahrt;82200;648.TF:105;105;28673;13.12.2020 - 11.12.2021;-----X-;Tf ANM;;82;-;-;-
2021_NN_Regeldienste_Sa;13.12.2020 00:00;11.12.2021 00:00;682;19:27;19:30;0:00;8:10;0:03;AN;AN;Standzeit;;;;;13.12.2020 - 11.12.2021;-----X-;Tf ANM;;-;-;-;-
2021_NN_Regeldienste_Sa;13.12.2020 00:00;11.12.2021 00:00;682;19:30;19:33;0:00;8:10;0:03;AN;AN;A3;;;;;13.12.2020 - 11.12.2021;-----X-;Tf ANM;;-;-;-;wird 82201
2021_NN_Regeldienste_Sa;13.12.2020 00:00;11.12.2021 00:00;682;19:33;19:36;0:00;8:10;0:03;AN;AN;Fußweg;;;;;13.12.2020 - 11.12.2021;-----X-;Tf ANM;;-;-;-;-
2021_NN_Regeldienste_Sa;13.12.2020 00:00;11.12.2021 00:00;682;19:36;19:45;0:00;8:10;0:09;AN;AN;Standzeit;;;;;13.12.2020 - 11.12.2021;-----X-;Tf ANM;;-;-;-;-
2021_NN_Regeldienste_Sa;13.12.2020 00:00;11.12.2021 00:00;682;19:45;20:15;0:30;8:10;0:30;AN;AN;Pause;;;;;13.12.2020 - 11.12.2021;-----X-;Tf ANM;;-;-;-;-
2021_NN_Regeldienste_Sa;13.12.2020 00:00;11.12.2021 00:00;682;20:15;20:27;0:00;8:10;0:12;AN;AN;Standzeit;;;;;13.12.2020 - 11.12.2021;-----X-;Tf ANM;;-;-;-;-
2021_NN_Regeldienste_Sa;13.12.2020 00:00;11.12.2021 00:00;682;20:27;20:30;0:00;8:10;0:03;AN;AN;Fußweg;;;;;13.12.2020 - 11.12.2021;-----X-;Tf ANM;;-;-;-;-
2021_NN_Regeldienste_Sa;13.12.2020 00:00;11.12.2021 00:00;682;20:30;20:33;0:00;8:10;0:03;AN;AN;V3;;;;;13.12.2020 - 11.12.2021;-----X-;Tf ANM;;-;-;-;aus 82202
2021_NN_Regeldienste_Sa;13.12.2020 00:00;11.12.2021 00:00;682;20:33;20:37;0:00;8:10;0:04;AN;AN;Wendezeit;;;;;13.12.2020 - 11.12.2021;-----X-;Tf ANM;;-;-;-;-
2021_NN_Regeldienste_Sa;13.12.2020 00:00;11.12.2021 00:00;682;20:37;21:01;0:00;8:10;0:24;AN;ASB;Zugfahrt;82203;648.TF:102;102;28673;13.12.2020 - 11.12.2021;-----X-;Tf ANM;;82;-;-;-
2021_NN_Regeldienste_Sa;13.12.2020 00:00;11.12.2021 00:00;682;21:01;21:03;0:00;8:10;0:02;ASB;ASB;Standzeit;;;;;13.12.2020 - 11.12.2021;-----X-;Tf ANM;;-;-;-;-
2021_NN_Regeldienste_Sa;13.12.2020 00:00;11.12.2021 00:00;682;21:03;21:20;0:00;8:10;0:17;ASB;AO;Zugfahrt;82203;648.TF:102;102;16766;13.12.2020 - 11.12.2021;-----X-;Tf ANM;;82;-;-;-
2021_NN_Regeldienste_Sa;13.12.2020 00:00;11.12.2021 00:00;682;21:20;21:24;0:00;8:10;0:04;AO;AO;Wendezeit;;;;;13.12.2020 - 11.12.2021;-----X-;Tf ANM;;-;-;-;-
2021_NN_Regeldienste_Sa;13.12.2020 00:00;11.12.2021 00:00;682;21:24;21:37;0:00;8:10;0:13;AO;AO;Standzeit;;;;;13.12.2020 - 11.12.2021;-----X-;Tf ANM;;-;-;-;-
2021_NN_Regeldienste_Sa;13.12.2020 00:00;11.12.2021 00:00;682;21:37;21:53;0:00;8:10;0:16;AO;ASB;Zugfahrt;82206;648.TF:102;102;16766;13.12.2020 - 11.12.2021;-----X-;Tf ANM;;82;-;-;-
2021_NN_Regeldienste_Sa;13.12.2020 00:00;11.12.2021 00:00;682;21:53;22:03;0:00;8:10;0:10;ASB;ASB;Standzeit;;;;;13.12.2020 - 11.12.2021;-----X-;Tf ANM;;-;-;-;-
2021_NN_Regeldienste_Sa;13.12.2020 00:00;11.12.2021 00:00;682;22:03;22:27;0:00;8:10;0:24;ASB;AN;Zugfahrt;82206;648.TF:102;102;28673;13.12.2020 - 11.12.2021;-----X-;Tf ANM;;82;-;-;-
2021_NN_Regeldienste_Sa;13.12.2020 00:00;11.12.2021 00:00;682;22:27;22:31;0:00;8:10;0:04;AN;AN;Wendezeit;;;;;13.12.2020 - 11.12.2021;-----X-;Tf ANM;;-;-;-;-
2021_NN_Regeldienste_Sa;13.12.2020 00:00;11.12.2021 00:00;682;22:31;22:37;0:00;8:10;0:06;AN;AN;Standzeit;;;;;13.12.2020 - 11.12.2021;-----X-;Tf ANM;;-;-;-;-
2021_NN_Regeldienste_Sa;13.12.2020 00:00;11.12.2021 00:00;682;22:37;23:01;0:00;8:10;0:24;AN;ASB;Zugfahrt;82207;648.TF:102;102;28673;13.12.2020 - 11.12.2021;-----X-;Tf ANM;;82;-;-;-
2021_NN_Regeldienste_Sa;13.12.2020 00:00;11.12.2021 00:00;682;23:01;23:03;0:00;8:10;0:02;ASB;ASB;Standzeit;;;;;13.12.2020 - 11.12.2021;-----X-;Tf ANM;;-;-;-;-
2021_NN_Regeldienste_Sa;13.12.2020 00:00;11.12.2021 00:00;682;23:03;23:20;0:00;8:10;0:17;ASB;AO;Zugfahrt;82207;648.TF:102;102;16766;13.12.2020 - 11.12.2021;-----X-;Tf ANM;;82;-;-;-
2021_NN_Regeldienste_Sa;13.12.2020 00:00;11.12.2021 00:00;682;23:20;23:24;0:00;8:10;0:04;AO;AO;Wendezeit;;;;;13.12.2020 - 11.12.2021;-----X-;Tf ANM;;-;-;-;-
2021_NN_Regeldienste_Sa;13.12.2020 00:00;11.12.2021 00:00;682;23:24;23:52;0:00;8:10;0:28;AO;AO;Standzeit;;;;;13.12.2020 - 11.12.2021;-----X-;Tf ANM;;-;-;-;-
2021_NN_Regeldienste_Sa;13.12.2020 00:00;11.12.2021 00:00;682;23:52;0:09;0:00;8:10;0:17;AO;ASB;Zugfahrt;82210;648.TF:102;102;16766;13.12.2020 - 11.12.2021;-----X-;Tf ANM;;82;-;-;-
2021_NN_Regeldienste_Sa;13.12.2020 00:00;11.12.2021 00:00;682;0:09;0:11;0:00;8:10;0:02;ASB;ASB;Standzeit;;;;;13.12.2020 - 11.12.2021;-----X-;Tf ANM;;-;-;-;-
2021_NN_Regeldienste_Sa;13.12.2020 00:00;11.12.2021 00:00;682;0:11;0:35;0:00;8:10;0:24;ASB;AN;Zugfahrt;82210;648.TF:102;102;28673;13.12.2020 - 11.12.2021;-----X-;Tf ANM;;82;-;-;-
2021_NN_Regeldienste_Sa;13.12.2020 00:00;11.12.2021 00:00;682;0:35;0:39;0:00;8:10;0:04;AN;AN;Wendezeit;;;;;13.12.2020 - 11.12.2021;-----X-;Tf ANM;;-;-;-;-
2021_NN_Regeldienste_Sa;13.12.2020 00:00;11.12.2021 00:00;682;0:39;0:47;0:00;8:10;0:08;AN;AN;Standzeit;;;;;13.12.2020 - 11.12.2021;-----X-;Tf ANM;;-;-;-;-
2021_NN_Regeldienste_Sa;13.12.2020 00:00;11.12.2021 00:00;682;0:47;0:50;0:00;8:10;0:03;AN;ANM;Leerfahrt;82077;648.TF:60102;60102;65591;13.12.2020 - 11.12.2021;-----X-;Tf ANM;;99;-;-;-
2021_NN_Regeldienste_Sa;13.12.2020 00:00;11.12.2021 00:00;682;0:50;0:54;0:00;8:10;0:04;ANM;ANM;Standzeit;;;;;13.12.2020 - 11.12.2021;-----X-;Tf ANM;;-;-;-;-
2021_NN_Regeldienste_Sa;13.12.2020 00:00;11.12.2021 00:00;682;0:54;0:56;0:00;8:10;0:02;ANM;ANM.Bw;Rangierfahrt;;;;;13.12.2020 - 11.12.2021;-----X-;Tf ANM;;-;-;-;-
2021_NN_Regeldienste_Sa;13.12.2020 00:00;11.12.2021 00:00;682;0:56;1:07;0:00;8:10;0:11;ANM.Bw;ANM.Bw;Standzeit;;;;;13.12.2020 - 11.12.2021;-----X-;Tf ANM;;-;-;-;-
2021_NN_Regeldienste_Sa;13.12.2020 00:00;11.12.2021 00:00;682;1:07;1:27;0:00;8:10;0:20;ANM.Bw;ANM.Bw;Tanken;;;;;13.12.2020 - 11.12.2021;-----X-;Tf ANM;;-;-;-;-
2021_NN_Regeldienste_Sa;13.12.2020 00:00;11.12.2021 00:00;682;1:27;1:47;0:00;8:10;0:20;ANM.Bw;ANM.abs;A1;;;;;13.12.2020 - 11.12.2021;-----X-;Tf ANM;;-;-;-;-
2021_NN_Regeldienste_Sa;13.12.2020 00:00;11.12.2021 00:00;682;1:47;1:53;0:00;8:10;0:06;ANM.abs;ANM.mr;Fußweg;;;;;13.12.2020 - 11.12.2021;-----X-;Tf ANM;;-;-;-;-
2021_NN_Regeldienste_Sa;13.12.2020 00:00;11.12.2021 00:00;682;1:53;1:55;0:00;8:10;0:02;ANM.mr;ANM.mr;Abmeldung;;;;;13.12.2020 - 11.12.2021;-----X-;Tf ANM;;-;-;-;-
2021_NN_Regeldienste_Sa;13.12.2020 00:00;11.12.2021 00:00;683;18:10;18:14;0:00;8:12;0:04;ANM.mr;ANM.mr;Anmeldung;;;;;13.12.2020 - 11.12.2021;-----X-;Tf ANM;;-;-;-;-
2021_NN_Regeldienste_Sa;13.12.2020 00:00;11.12.2021 00:00;683;18:14;18:17;0:00;8:12;0:03;ANM.mr;ANM;Fußweg;;;;;13.12.2020 - 11.12.2021;-----X-;Tf ANM;;-;-;-;-
2021_NN_Regeldienste_Sa;13.12.2020 00:00;11.12.2021 00:00;683;18:17;18:20;0:00;8:12;0:03;ANM;ANM;Standzeit;;;;;13.12.2020 - 11.12.2021;-----X-;Tf ANM;;-;-;-;-
2021_NN_Regeldienste_Sa;13.12.2020 00:00;11.12.2021 00:00;683;18:20;18:23;0:00;8:12;0:03;ANM;AN;Gastfahrt;;;;;13.12.2020 - 11.12.2021;-----X-;Tf ANM;;-;-;-;AKN 82479
2021_NN_Regeldienste_Sa;13.12.2020 00:00;11.12.2021 00:00;683;18:23;18:26;0:00;8:12;0:03;AN;AN;Fußweg;;;;;13.12.2020 - 11.12.2021;-----X-;Tf ANM;;-;-;-;-
2021_NN_Regeldienste_Sa;13.12.2020 00:00;11.12.2021 00:00;683;18:26;18:30;0:00;8:12;0:04;AN;AN;Standzeit;;;;;13.12.2020 - 11.12.2021;-----X-;Tf ANM;;-;-;-;-
2021_NN_Regeldienste_Sa;13.12.2020 00:00;11.12.2021 00:00;683;18:30;18:33;0:00;8:12;0:03;AN;AN;V3;;;;;13.12.2020 - 11.12.2021;-----X-;Tf ANM;;-;-;-;aus 81877
2021_NN_Regeldienste_Sa;13.12.2020 00:00;11.12.2021 00:00;683;18:33;18:35;0:00;8:12;0:02;AN;AN;Standzeit;;;;;13.12.2020 - 11.12.2021;-----X-;Tf ANM;;-;-;-;-
2021_NN_Regeldienste_Sa;13.12.2020 00:00;11.12.2021 00:00;683;18:35;18:58;0:00;8:12;0:23;AN;AHWT;Zugfahrt;81882;648.TF:106;106;87512;13.12.2020 - 11.12.2021;-----X-;Tf ANM;;63;-;-;-
2021_NN_Regeldienste_Sa;13.12.2020 00:00;11.12.2021 00:00;683;18:58;19:02;0:00;8:12;0:04;AHWT;AHWT;Wendezeit;;;;;13.12.2020 - 11.12.2021;-----X-;Tf ANM;;-;-;-;-
2021_NN_Regeldienste_Sa;13.12.2020 00:00;11.12.2021 00:00;683;19:02;19:25;0:00;8:12;0:23;AHWT;AN;Zugfahrt;81881;648.TF:106;106;87512;13.12.2020 - 11.12.2021;-----X-;Tf ANM;;63;-;-;-
2021_NN_Regeldienste_Sa;13.12.2020 00:00;11.12.2021 00:00;683;19:25;19:29;0:00;8:12;0:04;AN;AN;Wendezeit;;;;;13.12.2020 - 11.12.2021;-----X-;Tf ANM;;-;-;-;-
2021_NN_Regeldienste_Sa;13.12.2020 00:00;11.12.2021 00:00;683;19:29;19:30;0:00;8:12;0:01;AN;AN;Standzeit;;;;;13.12.2020 - 11.12.2021;-----X-;Tf ANM;;-;-;-;-
2021_NN_Regeldienste_Sa;13.12.2020 00:00;11.12.2021 00:00;683;19:30;19:33;0:00;8:12;0:03;AN;AN;A3;;;;;13.12.2020 - 11.12.2021;-----X-;Tf ANM;;-;-;-;wird 81886
2021_NN_Regeldienste_Sa;13.12.2020 00:00;11.12.2021 00:00;683;19:33;19:36;0:00;8:12;0:03;AN;AN;Fußweg;;;;;13.12.2020 - 11.12.2021;-----X-;Tf ANM;;-;-;-;-
2021_NN_Regeldienste_Sa;13.12.2020 00:00;11.12.2021 00:00;683;19:36;19:55;0:00;8:12;0:19;AN;AN;Standzeit;;;;;13.12.2020 - 11.12.2021;-----X-;Tf ANM;;-;-;-;-
2021_NN_Regeldienste_Sa;13.12.2020 00:00;11.12.2021 00:00;683;19:55;20:15;0:20;8:12;0:20;AN;AN;Pause;;;;;13.12.2020 - 11.12.2021;-----X-;Tf ANM;;-;-;-;-
2021_NN_Regeldienste_Sa;13.12.2020 00:00;11.12.2021 00:00;683;20:15;20:27;0:00;8:12;0:12;AN;AN;Standzeit;;;;;13.12.2020 - 11.12.2021;-----X-;Tf ANM;;-;-;-;-
2021_NN_Regeldienste_Sa;13.12.2020 00:00;11.12.2021 00:00;683;20:27;20:30;0:00;8:12;0:03;AN;AN;Fußweg;;;;;13.12.2020 - 11.12.2021;-----X-;Tf ANM;;-;-;-;-
2021_NN_Regeldienste_Sa;13.12.2020 00:00;11.12.2021 00:00;683;20:30;20:33;0:00;8:12;0:03;AN;AN;V3;;;;;13.12.2020 - 11.12.2021;-----X-;Tf ANM;;-;-;-;aus 81883
2021_NN_Regeldienste_Sa;13.12.2020 00:00;11.12.2021 00:00;683;20:33;20:35;0:00;8:12;0:02;AN;AN;Standzeit;;;;;13.12.2020 - 11.12.2021;-----X-;Tf ANM;;-;-;-;-
2021_NN_Regeldienste_Sa;13.12.2020 00:00;11.12.2021 00:00;683;20:35;20:58;0:00;8:12;0:23;AN;AHWT;Zugfahrt;81890;648.TF:104;104;87512;13.12.2020 - 11.12.2021;-----X-;Tf ANM;;63;-;-;-
2021_NN_Regeldienste_Sa;13.12.2020 00:00;11.12.2021 00:00;683;20:58;21:02;0:00;8:12;0:04;AHWT;AHWT;Wendezeit;;;;;13.12.2020 - 11.12.2021;-----X-;Tf ANM;;-;-;-;-
2021_NN_Regeldienste_Sa;13.12.2020 00:00;11.12.2021 00:00;683;21:02;21:25;0:00;8:12;0:23;AHWT;AN;Zugfahrt;81887;648.TF:104;104;87512;13.12.2020 - 11.12.2021;-----X-;Tf ANM;;63;-;-;-
2021_NN_Regeldienste_Sa;13.12.2020 00:00;11.12.2021 00:00;683;21:25;21:28;0:00;8:12;0:03;AN;AN;A3;;;;;13.12.2020 - 11.12.2021;-----X-;Tf ANM;;-;-;-;wird 81894
2021_NN_Regeldienste_Sa;13.12.2020 00:00;11.12.2021 00:00;683;21:28;21:31;0:00;8:12;0:03;AN;AN;Standzeit;;;;;13.12.2020 - 11.12.2021;-----X-;Tf ANM;;-;-;-;-
2021_NN_Regeldienste_Sa;13.12.2020 00:00;11.12.2021 00:00;683;21:31;21:34;0:00;8:12;0:03;AN;AN;Fußweg;;;;;13.12.2020 - 11.12.2021;-----X-;Tf ANM;;-;-;-;-
2021_NN_Regeldienste_Sa;13.12.2020 00:00;11.12.2021 00:00;683;21:34;21:37;0:00;8:12;0:03;AN;AN;V3;;;;;13.12.2020 - 11.12.2021;-----X-;Tf ANM;;-;-;-;aus 82204
2021_NN_Regeldienste_Sa;13.12.2020 00:00;11.12.2021 00:00;683;21:37;22:01;0:00;8:12;0:24;AN;ASB;Zugfahrt;82205;648.TF:105;105;28673;13.12.2020 - 11.12.2021;-----X-;Tf ANM;;82;-;-;-
2021_NN_Regeldienste_Sa;13.12.2020 00:00;11.12.2021 00:00;683;22:01;22:03;0:00;8:12;0:02;ASB;ASB;Standzeit;;;;;13.12.2020 - 11.12.2021;-----X-;Tf ANM;;-;-;-;-
2021_NN_Regeldienste_Sa;13.12.2020 00:00;11.12.2021 00:00;683;22:03;22:20;0:00;8:12;0:17;ASB;AO;Zugfahrt;82205;648.TF:105;105;16766;13.12.2020 - 11.12.2021;-----X-;Tf ANM;;82;-;-;-
2021_NN_Regeldienste_Sa;13.12.2020 00:00;11.12.2021 00:00;683;22:20;22:23;0:00;8:12;0:03;AO;AO;Standzeit;;;;;13.12.2020 - 11.12.2021;-----X-;Tf ANM;;-;-;-;-
2021_NN_Regeldienste_Sa;13.12.2020 00:00;11.12.2021 00:00;683;22:23;22:24;0:00;8:12;0:01;AO;AO;A4;;;;;13.12.2020 - 11.12.2021;-----X-;Tf ANM;;-;-;-;-
2021_NN_Regeldienste_Sa;13.12.2020 00:00;11.12.2021 00:00;683;22:24;22:34;0:10;8:12;0:10;AO;AO;Pause;;;;;13.12.2020 - 11.12.2021;-----X-;Tf ANM;;-;-;-;-
2021_NN_Regeldienste_Sa;13.12.2020 00:00;11.12.2021 00:00;683;22:34;22:35;0:00;8:12;0:01;AO;AO;Wendezeit;;;;;13.12.2020 - 11.12.2021;-----X-;Tf ANM;;-;-;-;-
2021_NN_Regeldienste_Sa;13.12.2020 00:00;11.12.2021 00:00;683;22:35;22:37;0:00;8:12;0:02;AO;AO;V4;;;;;13.12.2020 - 11.12.2021;-----X-;Tf ANM;;-;-;-;-
2021_NN_Regeldienste_Sa;13.12.2020 00:00;11.12.2021 00:00;683;22:37;22:53;0:00;8:12;0:16;AO;ASB;Zugfahrt;82208;648.TF:105;105;16766;13.12.2020 - 11.12.2021;-----X-;Tf ANM;;82;-;-;-
2021_NN_Regeldienste_Sa;13.12.2020 00:00;11.12.2021 00:00;683;22:53;23:03;0:00;8:12;0:10;ASB;ASB;Standzeit;;;;;13.12.2020 - 11.12.2021;-----X-;Tf ANM;;-;-;-;-
2021_NN_Regeldienste_Sa;13.12.2020 00:00;11.12.2021 00:00;683;23:03;23:27;0:00;8:12;0:24;ASB;AN;Zugfahrt;82208;648.TF:105;105;28673;13.12.2020 - 11.12.2021;-----X-;Tf ANM;;82;-;-;-
2021_NN_Regeldienste_Sa;13.12.2020 00:00;11.12.2021 00:00;683;23:27;23:31;0:00;8:12;0:04;AN;AN;Wendezeit;;;;;13.12.2020 - 11.12.2021;-----X-;Tf ANM;;-;-;-;-
2021_NN_Regeldienste_Sa;13.12.2020 00:00;11.12.2021 00:00;683;23:31;23:46;0:00;8:12;0:15;AN;AN;Standzeit;;;;;13.12.2020 - 11.12.2021;-----X-;Tf ANM;;-;-;-;-
2021_NN_Regeldienste_Sa;13.12.2020 00:00;11.12.2021 00:00;683;23:46;0:10;0:00;8:12;0:24;AN;ASB;Zugfahrt;82209;648.TF:105;105;28673;13.12.2020 - 11.12.2021;-----X-;Tf ANM;;82;-;-;-
2021_NN_Regeldienste_Sa;13.12.2020 00:00;11.12.2021 00:00;683;0:10;0:12;0:00;8:12;0:02;ASB;ASB;Standzeit;;;;;13.12.2020 - 11.12.2021;-----X-;Tf ANM;;-;-;-;-
2021_NN_Regeldienste_Sa;13.12.2020 00:00;11.12.2021 00:00;683;0:12;0:28;0:00;8:12;0:16;ASB;AO;Zugfahrt;82209;648.TF:105;105;16766;13.12.2020 - 11.12.2021;-----X-;Tf ANM;;82;-;-;-
2021_NN_Regeldienste_Sa;13.12.2020 00:00;11.12.2021 00:00;683;0:28;0:32;0:00;8:12;0:04;AO;AO;Wendezeit;;;;;13.12.2020 - 11.12.2021;-----X-;Tf ANM;;-;-;-;-
2021_NN_Regeldienste_Sa;13.12.2020 00:00;11.12.2021 00:00;683;0:32;0:55;0:00;8:12;0:23;AO;AO;Standzeit;;;;;13.12.2020 - 11.12.2021;-----X-;Tf ANM;;-;-;-;-
2021_NN_Regeldienste_Sa;13.12.2020 00:00;11.12.2021 00:00;683;0:55;1:37;0:00;8:12;0:42;AO;AN;Zugfahrt;82170;648.TF:60105;60105;45439;13.12.2020 - 11.12.2021;-----X-;Tf ANM;;82;-;-;-
2021_NN_Regeldienste_Sa;13.12.2020 00:00;11.12.2021 00:00;683;1:37;1:41;0:00;8:12;0:04;AN;AN;Wendezeit;;;;;13.12.2020 - 11.12.2021;-----X-;Tf ANM;;-;-;-;-
2021_NN_Regeldienste_Sa;13.12.2020 00:00;11.12.2021 00:00;683;1:41;1:44;0:00;8:12;0:03;AN;AN;Standzeit;;;;;13.12.2020 - 11.12.2021;-----X-;Tf ANM;;-;-;-;-
2021_NN_Regeldienste_Sa;13.12.2020 00:00;11.12.2021 00:00;683;1:44;1:47;0:00;8:12;0:03;AN;ANM;Leerfahrt;82079;648.TF:60105;60105;65591;13.12.2020 - 11.12.2021;-----X-;Tf ANM;;99;-;-;-
2021_NN_Regeldienste_Sa;13.12.2020 00:00;11.12.2021 00:00;683;1:47;1:49;0:00;8:12;0:02;ANM;ANM.Bw;Rangierfahrt;;;;;13.12.2020 - 11.12.2021;-----X-;Tf ANM;;-;-;-;-
2021_NN_Regeldienste_Sa;13.12.2020 00:00;11.12.2021 00:00;683;1:49;2:04;0:00;8:12;0:15;ANM.Bw;ANM.Bw;Standzeit;;;;;13.12.2020 - 11.12.2021;-----X-;Tf ANM;;-;-;-;-
2021_NN_Regeldienste_Sa;13.12.2020 00:00;11.12.2021 00:00;683;2:04;2:24;0:00;8:12;0:20;ANM.Bw;ANM.Bw;Tanken;;;;;13.12.2020 - 11.12.2021;-----X-;Tf ANM;;-;-;-;-
2021_NN_Regeldienste_Sa;13.12.2020 00:00;11.12.2021 00:00;683;2:24;2:44;0:00;8:12;0:20;ANM.Bw;ANM.abs;A1;;;;;13.12.2020 - 11.12.2021;-----X-;Tf ANM;;-;-;-;-
2021_NN_Regeldienste_Sa;13.12.2020 00:00;11.12.2021 00:00;683;2:44;2:50;0:00;8:12;0:06;ANM.abs;ANM.mr;Fußweg;;;;;13.12.2020 - 11.12.2021;-----X-;Tf ANM;;-;-;-;-
2021_NN_Regeldienste_Sa;13.12.2020 00:00;11.12.2021 00:00;683;2:50;2:52;0:00;8:12;0:02;ANM.mr;ANM.mr;Abmeldung;;;;;13.12.2020 - 11.12.2021;-----X-;Tf ANM;;-;-;-;-
2021_NN_Regeldienste_Sa;13.12.2020 00:00;11.12.2021 00:00;684;18:15;18:19;0:00;8:02;0:04;ANM.mr;ANM.mr;Anmeldung;;;;;13.12.2020 - 11.12.2021;-----X-;Tf ANM;;-;-;-;-
2021_NN_Regeldienste_Sa;13.12.2020 00:00;11.12.2021 00:00;684;18:19;18:22;0:00;8:02;0:03;ANM.mr;ANM;Fußweg;;;;;13.12.2020 - 11.12.2021;-----X-;Tf ANM;;-;-;-;-
2021_NN_Regeldienste_Sa;13.12.2020 00:00;11.12.2021 00:00;684;18:22;18:24;0:00;8:02;0:02;ANM;ANM;Standzeit;;;;;13.12.2020 - 11.12.2021;-----X-;Tf ANM;;-;-;-;-
2021_NN_Regeldienste_Sa;13.12.2020 00:00;11.12.2021 00:00;684;18:24;18:27;0:00;8:02;0:03;ANM;AN;Gastfahrt;82198;;;;13.12.2020 - 11.12.2021;-----X-;Tf ANM;;82;-;-;-
2021_NN_Regeldienste_Sa;13.12.2020 00:00;11.12.2021 00:00;684;18:27;18:30;0:00;8:02;0:03;AN;AN;Standzeit;;;;;13.12.2020 - 11.12.2021;-----X-;Tf ANM;;-;-;-;-
2021_NN_Regeldienste_Sa;13.12.2020 00:00;11.12.2021 00:00;684;18:30;18:33;0:00;8:02;0:03;AN;AN;V3;;;;;13.12.2020 - 11.12.2021;-----X-;Tf ANM;;-;-;-;aus 82198
2021_NN_Regeldienste_Sa;13.12.2020 00:00;11.12.2021 00:00;684;18:33;18:37;0:00;8:02;0:04;AN;AN;Wendezeit;;;;;13.12.2020 - 11.12.2021;-----X-;Tf ANM;;-;-;-;-
2021_NN_Regeldienste_Sa;13.12.2020 00:00;11.12.2021 00:00;684;18:37;19:01;0:00;8:02;0:24;AN;ASB;Zugfahrt;82199;648.TF:102;102;28673;13.12.2020 - 11.12.2021;-----X-;Tf ANM;;82;-;-;-
2021_NN_Regeldienste_Sa;13.12.2020 00:00;11.12.2021 00:00;684;19:01;19:03;0:00;8:02;0:02;ASB;ASB;Standzeit;;;;;13.12.2020 - 11.12.2021;-----X-;Tf ANM;;-;-;-;-
2021_NN_Regeldienste_Sa;13.12.2020 00:00;11.12.2021 00:00;684;19:03;19:20;0:00;8:02;0:17;ASB;AO;Zugfahrt;82199;648.TF:102;102;16766;13.12.2020 - 11.12.2021;-----X-;Tf ANM;;82;-;-;-
2021_NN_Regeldienste_Sa;13.12.2020 00:00;11.12.2021 00:00;684;19:20;19:24;0:00;8:02;0:04;AO;AO;Wendezeit;;;;;13.12.2020 - 11.12.2021;-----X-;Tf ANM;;-;-;-;-
2021_NN_Regeldienste_Sa;13.12.2020 00:00;11.12.2021 00:00;684;19:24;19:37;0:00;8:02;0:13;AO;AO;Standzeit;;;;;13.12.2020 - 11.12.2021;-----X-;Tf ANM;;-;-;-;-
2021_NN_Regeldienste_Sa;13.12.2020 00:00;11.12.2021 00:00;684;19:37;19:53;0:00;8:02;0:16;AO;ASB;Zugfahrt;82202;648.TF:102;102;16766;13.12.2020 - 11.12.2021;-----X-;Tf ANM;;82;-;-;-
2021_NN_Regeldienste_Sa;13.12.2020 00:00;11.12.2021 00:00;684;19:53;20:03;0:00;8:02;0:10;ASB;ASB;Standzeit;;;;;13.12.2020 - 11.12.2021;-----X-;Tf ANM;;-;-;-;-
2021_NN_Regeldienste_Sa;13.12.2020 00:00;11.12.2021 00:00;684;20:03;20:27;0:00;8:02;0:24;ASB;AN;Zugfahrt;82202;648.TF:102;102;28673;13.12.2020 - 11.12.2021;-----X-;Tf ANM;;82;-;-;-
2021_NN_Regeldienste_Sa;13.12.2020 00:00;11.12.2021 00:00;684;20:27;20:30;0:00;8:02;0:03;AN;AN;Standzeit;;;;;13.12.2020 - 11.12.2021;-----X-;Tf ANM;;-;-;-;-
2021_NN_Regeldienste_Sa;13.12.2020 00:00;11.12.2021 00:00;684;20:30;20:33;0:00;8:02;0:03;AN;AN;A3;;;;;13.12.2020 - 11.12.2021;-----X-;Tf ANM;;-;-;-;wird 82203
2021_NN_Regeldienste_Sa;13.12.2020 00:00;11.12.2021 00:00;684;20:33;20:36;0:00;8:02;0:03;AN;AN;Fußweg;;;;;13.12.2020 - 11.12.2021;-----X-;Tf ANM;;-;-;-;-
2021_NN_Regeldienste_Sa;13.12.2020 00:00;11.12.2021 00:00;684;20:36;20:45;0:00;8:02;0:09;AN;AN;Standzeit;;;;;13.12.2020 - 11.12.2021;-----X-;Tf ANM;;-;-;-;-
2021_NN_Regeldienste_Sa;13.12.2020 00:00;11.12.2021 00:00;684;20:45;21:15;0:30;8:02;0:30;AN;AN;Pause;;;;;13.12.2020 - 11.12.2021;-----X-;Tf ANM;;-;-;-;-
2021_NN_Regeldienste_Sa;13.12.2020 00:00;11.12.2021 00:00;684;21:15;21:22;0:00;8:02;0:07;AN;AN;Standzeit;;;;;13.12.2020 - 11.12.2021;-----X-;Tf ANM;;-;-;-;-
2021_NN_Regeldienste_Sa;13.12.2020 00:00;11.12.2021 00:00;684;21:22;21:25;0:00;8:02;0:03;AN;AN;Fußweg;;;;;13.12.2020 - 11.12.2021;-----X-;Tf ANM;;-;-;-;-
2021_NN_Regeldienste_Sa;13.12.2020 00:00;11.12.2021 00:00;684;21:25;21:28;0:00;8:02;0:03;AN;AN;V3;;;;;13.12.2020 - 11.12.2021;-----X-;Tf ANM;;-;-;-;aus 81887
2021_NN_Regeldienste_Sa;13.12.2020 00:00;11.12.2021 00:00;684;21:28;21:32;0:00;8:02;0:04;AN;AN;Wendezeit;;;;;13.12.2020 - 11.12.2021;-----X-;Tf ANM;;-;-;-;-
2021_NN_Regeldienste_Sa;13.12.2020 00:00;11.12.2021 00:00;684;21:32;21:35;0:00;8:02;0:03;AN;AN;Standzeit;;;;;13.12.2020 - 11.12.2021;-----X-;Tf ANM;;-;-;-;-
2021_NN_Regeldienste_Sa;13.12.2020 00:00;11.12.2021 00:00;684;21:35;21:58;0:00;8:02;0:23;AN;AHWT;Zugfahrt;81894;648.TF:104;104;22953;13.12.2020 - 11.12.2021;-----X-;Tf ANM;;63;-;-;-
2021_NN_Regeldienste_Sa;13.12.2020 00:00;11.12.2021 00:00;684;21:58;22:02;0:00;8:02;0:04;AHWT;AHWT;Standzeit;;;;;13.12.2020 - 11.12.2021;-----X-;Tf ANM;;-;-;-;-
2021_NN_Regeldienste_Sa;13.12.2020 00:00;11.12.2021 00:00;684;22:02;22:45;0:00;8:02;0:43;AHWT;AHI;Zugfahrt;81894;648.TF:104;104;40365;13.12.2020 - 11.12.2021;-----X-;Tf ANM;;63;-;-;-
2021_NN_Regeldienste_Sa;13.12.2020 00:00;11.12.2021 00:00;684;22:45;22:49;0:00;8:02;0:04;AHI;AHI;Wendezeit;;;;;13.12.2020 - 11.12.2021;-----X-;Tf ANM;;-;-;-;-
2021_NN_Regeldienste_Sa;13.12.2020 00:00;11.12.2021 00:00;684;22:49;22:54;0:00;8:02;0:05;AHI;AHI;Rangierfahrt;;;;;13.12.2020 - 11.12.2021;-----X-;Tf ANM;;-;-;-;-
2021_NN_Regeldienste_Sa;13.12.2020 00:00;11.12.2021 00:00;684;22:54;22:58;0:00;8:02;0:04;AHI;AHI;Wendezeit;;;;;13.12.2020 - 11.12.2021;-----X-;Tf ANM;;-;-;-;-
2021_NN_Regeldienste_Sa;13.12.2020 00:00;11.12.2021 00:00;684;22:58;22:59;0:00;8:02;0:01;AHI;AHI;Standzeit;;;;;13.12.2020 - 11.12.2021;-----X-;Tf ANM;;-;-;-;-
2021_NN_Regeldienste_Sa;13.12.2020 00:00;11.12.2021 00:00;684;22:59;23:04;0:00;8:02;0:05;AHI;AHI;Rangierfahrt;;;;;13.12.2020 - 11.12.2021;-----X-;Tf ANM;;-;-;-;-
2021_NN_Regeldienste_Sa;13.12.2020 00:00;11.12.2021 00:00;684;23:04;23:07;0:00;8:02;0:03;AHI;AHI;Kuppeln;;;;;13.12.2020 - 11.12.2021;-----X-;Tf ANM;;-;-;-;-
2021_NN_Regeldienste_Sa;13.12.2020 00:00;11.12.2021 00:00;684;23:07;23:10;0:00;8:02;0:03;AHI;AHI;V3;;;;;13.12.2020 - 11.12.2021;-----X-;Tf ANM;;-;-;-;aus 81897
2021_NN_Regeldienste_Sa;13.12.2020 00:00;11.12.2021 00:00;684;23:10;23:14;0:00;8:02;0:04;AHI;AHI;Wendezeit;;;;;13.12.2020 - 11.12.2021;-----X-;Tf ANM;;-;-;-;-
2021_NN_Regeldienste_Sa;13.12.2020 00:00;11.12.2021 00:00;684;23:14;23:17;0:00;8:02;0:03;AHI;AHI;Standzeit;;;;;13.12.2020 - 11.12.2021;-----X-;Tf ANM;;-;-;-;-
2021_NN_Regeldienste_Sa;13.12.2020 00:00;11.12.2021 00:00;684;23:17;23:59;0:00;8:02;0:42;AHI;AHWT;Zugfahrt;81897;648.TF:104;104;-;13.12.2020 - 11.12.2021;-----X-;Tf ANM;;63;-;-;-
2021_NN_Regeldienste_Sa;13.12.2020 00:00;11.12.2021 00:00;684;23:59;0:02;0:00;8:02;0:03;AHWT;AHWT;Standzeit;;;;;13.12.2020 - 11.12.2021;-----X-;Tf ANM;;-;-;-;-
2021_NN_Regeldienste_Sa;13.12.2020 00:00;11.12.2021 00:00;684;0:02;0:25;0:00;8:02;0:23;AHWT;AN;Zugfahrt;81897;648.TF:104;104;-;13.12.2020 - 11.12.2021;-----X-;Tf ANM;;63;-;-;-
2021_NN_Regeldienste_Sa;13.12.2020 00:00;11.12.2021 00:00;684;0:25;0:28;0:00;8:02;0:03;AN;AN;Trennen;;;;;13.12.2020 - 11.12.2021;-----X-;Tf ANM;;-;-;-;-
2021_NN_Regeldienste_Sa;13.12.2020 00:00;11.12.2021 00:00;684;0:28;0:31;0:00;8:02;0:03;AN;AN;A3;;;;;13.12.2020 - 11.12.2021;-----X-;Tf ANM;;-;-;-;1.VT wird 82076
2021_NN_Regeldienste_Sa;13.12.2020 00:00;11.12.2021 00:00;684;0:31;0:35;0:00;8:02;0:04;AN;AN;Wendezeit;;;;;13.12.2020 - 11.12.2021;-----X-;Tf ANM;;-;-;-;-
2021_NN_Regeldienste_Sa;13.12.2020 00:00;11.12.2021 00:00;684;0:35;0:40;0:00;8:02;0:05;AN;AN;Standzeit;;;;;13.12.2020 - 11.12.2021;-----X-;Tf ANM;;-;-;-;-
2021_NN_Regeldienste_Sa;13.12.2020 00:00;11.12.2021 00:00;684;0:40;1:03;0:00;8:02;0:23;AN;AHWT;Zugfahrt;81830;648.TF:60103;60103;87512;13.12.2020 - 11.12.2021;-----X-;Tf ANM;;63;-;-;-
2021_NN_Regeldienste_Sa;13.12.2020 00:00;11.12.2021 00:00;684;1:03;1:07;0:00;8:02;0:04;AHWT;AHWT;Wendezeit;;;;;13.12.2020 - 11.12.2021;-----X-;Tf ANM;;-;-;-;-
2021_NN_Regeldienste_Sa;13.12.2020 00:00;11.12.2021 00:00;684;1:07;1:30;0:00;8:02;0:23;AHWT;AN;Zugfahrt;81831;648.TF:60103;60103;87512;13.12.2020 - 11.12.2021;-----X-;Tf ANM;;63;-;-;-
2021_NN_Regeldienste_Sa;13.12.2020 00:00;11.12.2021 00:00;684;1:30;1:38;0:00;8:02;0:08;AN;AN;Standzeit;;;;;13.12.2020 - 11.12.2021;-----X-;Tf ANM;;-;-;-;-
2021_NN_Regeldienste_Sa;13.12.2020 00:00;11.12.2021 00:00;684;1:38;1:42;0:00;8:02;0:04;AN;ANM;Leerfahrt;82078;648.TF:60103;60103;65591;13.12.2020 - 11.12.2021;-----X-;Tf ANM;;99;-;-;-
2021_NN_Regeldienste_Sa;13.12.2020 00:00;11.12.2021 00:00;684;1:42;1:44;0:00;8:02;0:02;ANM;ANM.Bw;Rangierfahrt;;;;;13.12.2020 - 11.12.2021;-----X-;Tf ANM;;-;-;-;-
2021_NN_Regeldienste_Sa;13.12.2020 00:00;11.12.2021 00:00;684;1:44;2:04;0:00;8:02;0:20;ANM.Bw;ANM.Bw;Tanken;;;;;13.12.2020 - 11.12.2021;-----X-;Tf ANM;;-;-;-;-
2021_NN_Regeldienste_Sa;13.12.2020 00:00;11.12.2021 00:00;684;2:04;2:24;0:00;8:02;0:20;ANM.Bw;ANM.abs;A1;;;;;13.12.2020 - 11.12.2021;-----X-;Tf ANM;;-;-;-;-
2021_NN_Regeldienste_Sa;13.12.2020 00:00;11.12.2021 00:00;684;2:24;2:39;0:00;8:02;0:15;ANM.abs;ANM.abs;Sonstiges;;;;;13.12.2020 - 11.12.2021;-----X-;Tf ANM;;-;-;-;-
2021_NN_Regeldienste_Sa;13.12.2020 00:00;11.12.2021 00:00;684;2:39;2:45;0:00;8:02;0:06;ANM.abs;ANM.mr;Fußweg;;;;;13.12.2020 - 11.12.2021;-----X-;Tf ANM;;-;-;-;-
2021_NN_Regeldienste_Sa;13.12.2020 00:00;11.12.2021 00:00;684;2:45;2:47;0:00;8:02;0:02;ANM.mr;ANM.mr;Abmeldung;;;;;13.12.2020 - 11.12.2021;-----X-;Tf ANM;;-;-;-;-
